"","maxgroup","value.IV","mean","sd","p"
"otu.1","3",51.6,"48.3","12.04",0.3887
"otu.2","2",11.7,"13.7","6.53",0.5415
"otu.3","1",11.7,"14","7.03",0.5297
"otu.6","2",46.6,"37.7","6.35",0.0974
"otu.7","1",55.5,"45.5","6.63",0.0852
"otu.8","3",55,"44.9","7.14",0.094
"otu.9","2",39.8,"43.9","5.4",0.7514
"otu.10","1",63.1,"57.2","11.44",0.2999
"otu.11","1",34.2,"40.8","9.16",0.7377
"otu.12","3",46.6,"45.2","6.47",0.3597
"otu.14","1",23,"29.4","10.55",0.7313
"otu.16","3",41.7,"30.1","11.1",0.1558
"otu.19","2",53.4,"43.7","10",0.1716
"otu.20","1",40.5,"39","3.18",0.2843
"otu.21","2",56.9,"42.1","6.88",0.033
"otu.22","2",44.3,"43.8","12.49",0.4789
"otu.23","3",19.5,"14.1","7.29",0.2082
"otu.25","2",15.8,"18.2","7.57",0.5629
"otu.27","3",31.1,"42","9.05",0.9212
"otu.28","3",30.7,"25.3","10.11",0.2665
"otu.29","2",51.7,"39.4","12.63",0.1718
"otu.30","3",47.1,"34.9","9.69",0.1136
"otu.35","3",30.8,"24.1","9.04",0.2038
"otu.36","2",35.9,"35.7","11.14",0.4271
"otu.37","3",38.5,"21","8.44",0.0398
"otu.38","2",42.9,"42.2","4.68",0.3935
"otu.39","1",27.4,"33.4","11.83",0.6493
"otu.41","3",32.6,"29","9.12",0.2803
"otu.42","1",21.6,"26.8","10.37",0.6537
"otu.43","2",60.3,"45.5","8.88",0.0688
"otu.44","3",30,"34.5","11",0.6229
"otu.45","3",38.2,"28.1","10.61",0.1588
"otu.46","2",43,"41.7","4.72",0.3427
"otu.47","1",22.5,"30.4","10.57",0.7574
"otu.48","2",40.9,"26.9","9.06",0.0816
"otu.49","1",69.9,"47.6","8.76",0.0162
"otu.50","2",61.5,"47.4","12",0.1228
"otu.51","3",41.4,"29.2","10.53",0.1288
"otu.53","1",10,"15.1","6.24",0.7377
"otu.54","3",77.3,"39.7","10.92",0.0034
"otu.55","1",44.2,"49.6","11.37",0.6575
"otu.56","3",46.1,"27.8","10.18",0.0432
"otu.57","3",37,"37.7","11.35",0.5553
"otu.58","3",34.8,"43.8","10.55",0.7942
"otu.59","2",44.3,"38.3","11.5",0.2945
"otu.60","1",41.5,"38.5","4.11",0.2188
"otu.61","1",30.2,"36.6","10.96",0.6753
"otu.63","3",45.9,"55.9","8.18",0.8846
"otu.64","2",44.2,"36.2","9.19",0.1738
"otu.65","2",41.1,"30.4","10.67",0.155
"otu.66","3",23.1,"12","6.57",0.0952
"otu.67","3",15.1,"20.8","8.37",0.7055
"otu.68","1",45.3,"43.4","6.17",0.3409
"otu.69","3",32.4,"24.2","10.13",0.1728
"otu.70","2",33.2,"34.2","7.75",0.4745
"otu.73","2",25.8,"33.4","11.4",0.7027
"otu.75","2",48.8,"42","6.73",0.1598
"otu.76","2",48.5,"40.8","4.05",0.0492
"otu.77","3",36.2,"22.8","9.51",0.1104
"otu.78","3",39.3,"38.4","2.82",0.3351
"otu.79","3",32.3,"25.5","9.54",0.2046
"otu.80","3",7.7,"9.4","1.47",1
"otu.81","1",20,"12.3","4.6",0.1626
"otu.82","3",14.9,"20.7","8.37",0.7624
"otu.83","2",56.2,"33.7","11.33",0.037
"otu.84","2",22.2,"24.6","9.24",0.5095
"otu.85","2",5.5,"9.9","5.97",0.8696
"otu.86","1",38.2,"43.2","5.2",0.828
"otu.87","2",61.5,"30.9","9.1",0.0058
"otu.88","3",23,"23.8","9.03",0.3995
"otu.89","3",51.1,"43.2","8.2",0.1658
"otu.90","3",53.8,"26","10.88",0.0206
"otu.91","3",32.6,"32.4","10.65",0.4181
"otu.93","3",56.2,"41.1","11.62",0.1136
"otu.95","2",24.4,"33.4","10.12",0.8126
"otu.99","3",47.2,"37.9","9.79",0.167
"otu.100","3",15,"20.7","8.28",0.766
"otu.101","2",72.5,"50.6","10.71",0.03
"otu.102","2",48.2,"39.2","12.14",0.222
"otu.103","1",20,"10.4","5.72",0.1636
"otu.104","3",7.2,"11.9","4.73",1
"otu.105","3",4.7,"10.1","5.83",0.8888
"otu.107","3",13.5,"13","6.69",0.4041
"otu.108","3",39,"36.7","11.49",0.3965
"otu.110","3",7.7,"9.4","1.46",1
"otu.111","1",18.4,"22.2","9.15",0.6647
"otu.112","3",15.4,"18.2","7.41",0.5499
"otu.113","2",35.4,"45.6","10.4",0.8366
"otu.114","1",53.6,"43.5","7.02",0.0952
"otu.115","1",16.6,"28","10.64",0.8842
"otu.116","1",15,"27.6","10.28",0.9594
"otu.117","1",42,"47.2","8.33",0.6901
"otu.118","1",48.1,"43.2","5.12",0.177
"otu.119","1",8,"10.6","5.46",0.6551
"otu.121","3",4.8,"15.3","7.74",1
"otu.122","3",16.2,"17.8","8.22",0.4767
"otu.123","3",35,"43.9","12.92",0.7205
"otu.124","1",10,"15.1","6.05",0.7872
"otu.125","3",7.7,"9.4","1.46",1
"otu.126","2",66.1,"48.1","10.18",0.0568
"otu.127","3",50.7,"40.4","11.97",0.2084
"otu.128","2",60.3,"25.3","9.25",0.0032
"otu.129","1",18.1,"12.1","6.62",0.2166
"otu.133","2",44.9,"32.2","8.67",0.0884
"otu.134","3",27.3,"20.6","8.99",0.2012
"otu.135","2",36.5,"25.5","7.99",0.1
"otu.136","3",14.8,"26.3","9.85",0.877
"otu.139","3",13.2,"27.2","10.1",0.9666
"otu.141","3",35.9,"22.8","9.82",0.1256
"otu.145","1",39.9,"40.7","4.1",0.5269
"otu.146","1",41.6,"18","7.5",0.0118
"otu.147","2",26.5,"17.5","7.89",0.1066
"otu.148","2",9.3,"18.6","8.24",0.8622
"otu.150","2",22.2,"13.5","6.75",0.1308
"otu.151","2",40.7,"44.9","7.87",0.6575
"otu.152","3",15.4,"10","5.93",0.3163
"otu.153","3",29.1,"39.4","12.08",0.7844
"otu.154","3",38.4,"25.3","9.75",0.101
"otu.155","3",7.7,"18.2","7.24",0.9728
"otu.156","2",41.9,"35.1","6.21",0.1412
"otu.157","2",32.3,"17.3","7.61",0.0356
"otu.158","2",11.1,"17.9","7.27",0.7109
"otu.159","3",46.8,"45.4","5.41",0.3735
"otu.160","2",14.7,"24.3","9.76",0.8362
"otu.161","3",50.6,"42.5","7.97",0.1582
"otu.162","1",37.8,"39.7","11.98",0.5687
"otu.163","3",22.4,"18.6","8.91",0.243
"otu.164","1",51.8,"48.5","9.59",0.3349
"otu.165","2",61,"40.4","5.2",6e-04
"otu.166","2",61.4,"41.5","5.83",0.004
"otu.167","3",71.2,"52.7","9.4",0.0338
"otu.168","1",44.9,"40.5","3.85",0.1398
"otu.170","2",32.8,"28.2","8.9",0.2557
"otu.171","3",37.1,"37.9","4.42",0.5071
"otu.173","1",49.6,"43.3","5.49",0.1388
"otu.175","1",8.8,"11.6","5.04",0.7524
"otu.177","3",15.3,"17.8","7.37",0.5217
"otu.178","3",17.7,"25.2","7.91",0.8528
"otu.179","2",48.3,"47.4","11.61",0.4087
"otu.180","3",32.4,"30.2","10",0.3389
"otu.181","2",23.2,"19.3","8.33",0.2573
"otu.182","3",30.7,"16.9","8.37",0.0776
"otu.183","3",43,"32","11.26",0.158
"otu.184","1",54.8,"44.5","6.51",0.081
"otu.185","3",57.6,"41","8.91",0.0498
"otu.186","1",10,"9.4","1.46",0.5877
"otu.187","1",9.2,"14.2","7.47",0.7638
"otu.188","1",59.3,"47.6","6.91",0.0514
"otu.189","3",48.2,"49.1","9.16",0.4781
"otu.190","3",7.7,"9.4","1.47",1
"otu.191","2",32.7,"26.1","9.7",0.2006
"otu.192","2",11.1,"9.4","1.46",0.2803
"otu.193","2",46.8,"35","8.97",0.1076
"otu.194","1",37.7,"36.8","8.83",0.3923
"otu.195","1",52,"39.9","5.73",0.0352
"otu.196","2",20.6,"32.2","12.05",0.8708
"otu.197","2",54.9,"31.7","10.29",0.0276
"otu.198","2",38.8,"29.8","9.93",0.1744
"otu.200","3",38.5,"15.4","7.11",0.0148
"otu.201","2",57.5,"27.6","9.31",0.0072
"otu.202","3",15.4,"12.3","4.6",0.3165
"otu.203","3",30.7,"22.6","9.11",0.1878
"otu.204","1",65.1,"65.2","11.04",0.4469
"otu.206","3",15.3,"12.4","6.92",0.2711
"otu.207","3",11.1,"13.3","6.81",0.4963
"otu.208","2",58.7,"40.7","4.14",0.001
"otu.209","2",23.2,"27.8","10.13",0.6133
"otu.210","2",33.3,"17.9","8.31",0.0448
"otu.211","3",14.6,"17.8","7.45",0.6977
"otu.214","3",23,"17.6","7.46",0.1862
"otu.215","3",7.7,"9.4","1.47",1
"otu.216","3",29.6,"42","8.33",0.986
"otu.220","2",46.4,"41.3","9.62",0.2647
"otu.222","2",74.8,"45.3","8.93",0.0032
"otu.223","1",10,"9.3","1.47",0.5749
"otu.225","1",20,"10.9","5.57",0.1724
"otu.226","3",14.6,"20.3","8.83",0.6763
"otu.227","2",41.3,"32.3","8.05",0.1364
"otu.228","3",37.8,"45.2","11.58",0.7183
"otu.229","2",26.6,"33.3","11.78",0.6515
"otu.231","1",25,"22.8","9.64",0.3611
"otu.232","2",44.5,"43.6","6.32",0.3827
"otu.233","3",46.2,"43.9","5.95",0.3313
"otu.235","2",56,"43.1","5.53",0.0254
"otu.236","2",32.8,"32.3","10.87",0.3997
"otu.237","2",33.4,"35.2","11.18",0.4821
"otu.238","3",36.2,"41.8","4.72",0.9124
"otu.239","1",22.1,"24.2","10.31",0.4563
"otu.240","3",7.7,"9.4","1.47",1
"otu.244","1",61.4,"62.8","10.24",0.5493
"otu.246","3",30.4,"26","9.82",0.2721
"otu.247","3",7.7,"9.4","1.46",1
"otu.248","1",10.6,"21.9","9.06",0.9534
"otu.249","3",16.3,"23.9","9.85",0.7309
"otu.250","2",35.9,"35.2","9.98",0.4131
"otu.251","3",5.2,"10.6","5.65",0.8822
"otu.252","1",42.4,"40.5","4.02",0.2899
"otu.254","1",41.9,"38.3","12.9",0.3077
"otu.255","3",7.7,"9.4","1.47",1
"otu.256","3",36.3,"21.4","7.41",0.0502
"otu.257","2",11.1,"15.2","6.21",0.6961
"otu.258","2",43.2,"40.8","4.82",0.2841
"otu.259","1",18.2,"22.7","8.95",0.7572
"otu.263","1",19.6,"15","6.15",0.3459
"otu.264","2",73.7,"44.7","9.74",0.0042
"otu.265","2",31.2,"26.5","9.37",0.2625
"otu.266","3",15.4,"12","4.72",0.3173
"otu.268","3",36.4,"17.2","7.89",0.0408
"otu.269","3",6.7,"11.6","4.98",0.8834
"otu.270","3",4.4,"10.2","5.96",1
"otu.271","2",34.6,"42","5.46",0.9514
"otu.273","2",63.1,"41","7.42",0.0052
"otu.276","1",25.9,"44","14.13",0.953
"otu.277","2",64.4,"42.3","10.49",0.0332
"otu.279","3",15.4,"12.1","4.65",0.3163
"otu.280","2",22.2,"12","4.76",0.074
"otu.281","2",24.7,"24.1","9.44",0.3821
"otu.282","1",33.9,"44.2","9.12",0.8824
"otu.283","2",22.1,"15.1","6.29",0.1534
"otu.284","2",22,"23.8","9.28",0.5783
"otu.285","1",43.1,"39.6","6.82",0.2669
"otu.287","3",45.6,"35","9.94",0.1382
"otu.289","1",49.3,"32.2","10.69",0.0672
"otu.291","3",79.5,"49.9","10.15",0.0034
"otu.292","1",5.7,"10","5.94",0.7483
"otu.294","3",23,"32.7","10.15",0.8386
"otu.296","3",46.2,"22.9","8.99",0.0086
"otu.297","2",51.7,"47.7","6.52",0.2721
"otu.299","3",23.1,"12.5","6.8",0.1054
"otu.300","3",29.9,"18.1","8.36",0.09
"otu.301","1",40.3,"40.8","4.25",0.4877
"otu.302","3",38.2,"50.3","9.56",0.9006
"otu.304","2",32.8,"20.7","8.31",0.075
"otu.306","3",15.4,"11.9","4.7",0.3119
"otu.307","3",11.1,"16.7","7.42",0.7786
"otu.308","3",30.6,"21.3","8.9",0.135
"otu.309","2",31.7,"21.2","9.48",0.1324
"otu.310","2",68.8,"49.1","10.27",0.0472
"otu.311","3",7.7,"9.4","1.46",1
"otu.312","2",37.9,"39.4","4.68",0.5777
"otu.315","3",7.5,"15.1","6.3",0.9322
"otu.317","1",84,"63.4","11.45",0.0378
"otu.318","3",15.4,"12.3","4.57",0.3293
"otu.319","2",61,"35.6","9.51",0.017
"otu.320","3",30.6,"20.7","8.29",0.1254
"otu.321","1",52.2,"47.1","6.28",0.223
"otu.323","3",14,"14.6","6.41",0.5453
"otu.324","2",29.6,"21.3","8.33",0.1548
"otu.325","3",15.1,"12.5","6.85",0.3009
"otu.326","3",30.8,"16.4","7.64",0.057
"otu.327","2",32.7,"19.2","8.56",0.0568
"otu.328","2",22.2,"14.6","7.85",0.1824
"otu.330","1",31.3,"22.6","9.18",0.1674
"otu.331","2",58.3,"38","7.96",0.019
"otu.332","3",7.7,"9.4","1.47",1
"otu.333","2",55.4,"36.7","11.75",0.0738
"otu.334","3",40.3,"40.3","5.95",0.4301
"otu.335","3",7.7,"9.4","1.46",1
"otu.336","1",30.3,"39.7","10.92",0.7966
"otu.337","3",27.8,"20.3","9.09",0.206
"otu.339","2",29.2,"37.4","8.49",0.8306
"otu.340","3",21.9,"20.3","8.35",0.3457
"otu.341","3",7.7,"9.4","1.46",1
"otu.343","2",60.2,"39.1","9.12",0.0276
"otu.344","3",61,"37","10.97",0.0366
"otu.345","1",76,"51.7","7.81",4e-04
"otu.346","2",22.2,"14.3","6.43",0.1524
"otu.348","2",35.3,"40.6","3.9",0.942
"otu.349","3",7.7,"9.4","1.47",1
"otu.350","3",13.5,"20.1","8.65",0.7892
"otu.351","2",51.4,"35.4","8.48",0.051
"otu.355","3",29.5,"22.9","7.72",0.178
"otu.356","2",36.6,"21.9","7.9",0.0576
"otu.357","3",58.6,"51.9","8.71",0.2258
"otu.361","3",7.7,"9.4","1.46",1
"otu.362","3",24.8,"30.2","11.64",0.5971
"otu.363","3",39.6,"38.3","3.35",0.3057
"otu.367","3",16.2,"24","8.57",0.8314
"otu.369","3",50.1,"34","9.62",0.0662
"otu.370","3",30.7,"23","9.27",0.1852
"otu.371","2",53.5,"36","7.51",0.0284
"otu.372","3",35.7,"41.5","5.84",0.8462
"otu.373","2",67.9,"44.9","9.52",0.0152
"otu.374","2",17,"20.9","9.21",0.5775
"otu.375","3",7.7,"9.4","1.46",1
"otu.376","3",15.4,"10.3","5.9",0.3265
"otu.377","3",23.1,"13.5","6.59",0.101
"otu.378","3",7.6,"12.4","4.65",1
"otu.379","2",8.2,"17.3","8.39",0.8716
"otu.380","2",10.2,"13.5","6.62",0.6785
"otu.383","2",20.1,"25.9","10.22",0.6683
"otu.384","1",21.3,"28.9","10.66",0.7437
"otu.385","2",23.9,"20.5","8.5",0.2745
"otu.386","3",38.5,"16.9","7.84",0.0216
"otu.387","3",55.6,"67.4","5.68",0.9858
"otu.389","2",27.8,"25.7","8.09",0.3265
"otu.390","3",8.4,"13.9","7.04",0.8066
"otu.392","2",11.1,"9.4","1.46",0.2783
"otu.393","3",7.7,"9.4","1.47",1
"otu.394","3",35.2,"27.7","10.54",0.2236
"otu.395","2",57.2,"40.9","7.62",0.0334
"otu.396","2",11.1,"9.4","1.45",0.2813
"otu.397","1",14.4,"24","7.79",0.9592
"otu.398","1",10,"9.3","1.47",0.5749
"otu.400","2",68.9,"32.2","8.83",0.0014
"otu.404","3",65.6,"32.5","10.46",0.0076
"otu.407","1",10,"9.4","1.46",0.5927
"otu.410","2",14.8,"21.1","8.43",0.7694
"otu.411","2",37.8,"18.5","7.86",0.0242
"otu.412","2",41.3,"39.8","3.7",0.2983
"otu.414","3",30,"29.4","10.19",0.4709
"otu.416","3",18,"24.3","10.18",0.7085
"otu.417","2",22.2,"12.3","4.6",0.0722
"otu.418","3",37.6,"24.6","9.81",0.1066
"otu.420","2",37.8,"22.6","9.12",0.0706
"otu.422","2",44.4,"16.6","7.39",0.0024
"otu.425","2",67.4,"53.3","11.44",0.1292
"otu.426","3",23,"15","7.61",0.128
"otu.427","1",41.9,"38.9","11.6",0.3735
"otu.429","2",32.9,"26.9","8.17",0.1928
"otu.431","1",50,"38.6","6.27",0.0544
"otu.433","2",47.9,"39.1","5.22",0.0646
"otu.434","3",23.6,"17.4","7.85",0.1996
"otu.435","3",34.8,"41.3","8.04",0.7862
"otu.436","2",43.2,"30.9","10.93",0.1374
"otu.438","3",43,"45.3","9.1",0.5417
"otu.439","3",19.3,"28","10.55",0.7838
"otu.440","1",10,"9.4","1.46",0.5877
"otu.441","1",53.6,"39","8.65",0.0678
"otu.442","3",7.2,"12","4.76",1
"otu.443","2",6.7,"12.1","6.83",0.7818
"otu.444","3",23,"22.6","8.36",0.3959
"otu.445","3",33,"23.2","8.8",0.1312
"otu.448","3",29.3,"23.1","9.74",0.237
"otu.449","3",42.4,"32","7.9",0.1034
"otu.451","1",67.1,"68.6","10.18",0.5653
"otu.452","3",53.5,"31.2","11.15",0.038
"otu.453","3",16.9,"22.6","9.2",0.6903
"otu.456","2",11.1,"12.3","4.54",0.5309
"otu.457","3",7.7,"9.4","1.47",1
"otu.458","2",30.4,"41.3","8.59",0.9444
"otu.459","1",27.4,"30.5","10.69",0.5841
"otu.460","2",10.1,"12.7","6.72",0.4847
"otu.461","3",20.4,"34.2","9.95",0.9764
"otu.462","1",19.4,"17.6","7.54",0.4905
"otu.463","2",11.1,"9.4","1.46",0.2783
"otu.464","2",9,"21.4","9.22",0.9864
"otu.466","2",36.8,"43.3","6.32",0.8594
"otu.468","2",11,"12.2","4.62",0.5311
"otu.469","1",9.1,"25.1","9.76",0.9494
"otu.471","1",24.1,"34.5","9.18",0.9042
"otu.472","3",7.7,"9.4","1.46",1
"otu.473","3",29.4,"17.4","8.53",0.1384
"otu.474","3",8.5,"12.7","6.86",0.6415
"otu.475","3",53.3,"43.3","6.74",0.0834
"otu.476","2",68.3,"40.3","7.93",0.0038
"otu.477","1",14.2,"11.9","6.63",0.3491
"otu.478","2",66.2,"20.1","8.91",4e-04
"otu.480","3",18.6,"34.2","11.15",0.9322
"otu.482","1",9.5,"11.9","4.81",0.6577
"otu.483","1",10,"12.3","4.58",0.6619
"otu.488","1",10,"9.4","1.46",0.5877
"otu.489","3",7.7,"9.4","1.47",1
"otu.491","2",73.9,"37.8","9.16",0.0012
"otu.492","2",68.6,"43.6","7.15",0.0016
"otu.493","2",22.2,"18.3","7.61",0.2308
"otu.494","2",46.8,"36.2","6.76",0.077
"otu.498","3",45,"41.8","12.17",0.3207
"otu.499","2",5.4,"11.9","6.56",0.8046
"otu.500","3",7.6,"12.2","4.61",0.8894
"otu.502","3",13.1,"16.6","7.38",0.6031
"otu.503","2",46,"30.7","9.5",0.076
"otu.504","2",36.5,"40.2","10.83",0.5999
"otu.505","2",17.8,"19.3","8.64",0.4837
"otu.506","2",11.1,"9.4","1.46",0.2827
"otu.508","2",17.8,"14.2","7.29",0.2372
"otu.509","1",31.4,"37.5","9.33",0.7071
"otu.511","2",4.8,"10.2","5.9",0.8786
"otu.512","3",15.3,"18","7.37",0.5653
"otu.515","1",19.4,"21.4","9.39",0.5053
"otu.516","3",7.3,"14.8","6.24",0.9664
"otu.517","1",18.2,"24.1","9.86",0.6767
"otu.518","3",7.7,"15.2","6.23",0.8944
"otu.519","1",37.6,"42","6.87",0.7101
"otu.520","3",15.4,"11.2","5.23",0.3163
"otu.521","3",15.4,"11.5","5.03",0.3223
"otu.522","3",38.9,"40.2","7.26",0.5029
"otu.523","2",49.1,"40.3","4.45",0.0402
"otu.524","2",11.1,"18","7.29",0.78
"otu.525","3",40.4,"32.5","6.48",0.1218
"otu.526","3",31.8,"39.5","12.45",0.6797
"otu.527","2",5.4,"10","5.89",0.87
"otu.528","3",15.4,"15","6.26",0.3855
"otu.531","3",16,"15.9","7.71",0.3763
"otu.532","3",51.9,"47.8","8.39",0.2965
"otu.533","2",49.9,"42.6","5.67",0.126
"otu.535","1",10,"9.4","1.46",0.5877
"otu.537","2",44.3,"20.3","8.14",0.006
"otu.539","3",23.1,"14.2","6.34",0.095
"otu.540","2",46.4,"33.2","9.22",0.0926
"otu.541","3",29.5,"19.5","8.74",0.1348
"otu.542","2",11.1,"9.4","1.46",0.2783
"otu.544","2",14.9,"15.9","7.7",0.4687
"otu.545","3",15.4,"11.2","5.43",0.3301
"otu.546","2",38.8,"39.2","5.83",0.4689
"otu.553","2",54,"42.8","8.85",0.1194
"otu.554","1",37.6,"43.2","7.37",0.7576
"otu.555","3",41.7,"38","4.51",0.1968
"otu.556","2",69.6,"44.2","8.47",0.0066
"otu.557","3",35.4,"22.1","9.42",0.111
"otu.558","3",17.3,"20.3","8.28",0.5663
"otu.559","1",14.6,"25.7","10.2",0.8738
"otu.560","1",56.7,"40.4","9.41",0.066
"otu.561","1",38.3,"43.3","8.03",0.6991
"otu.562","3",7.7,"9.4","1.46",1
"otu.564","3",15.4,"12.3","4.71",0.3301
"otu.567","2",8.5,"10.7","5.59",0.5313
"otu.568","3",30.8,"15.7","7.49",0.0554
"otu.572","2",5.7,"9.9","5.94",0.863
"otu.574","3",7.7,"12.2","4.54",0.8888
"otu.577","3",15.9,"21.7","8.63",0.7209
"otu.578","2",18,"12.5","6.49",0.229
"otu.579","3",5,"10.6","5.64",1
"otu.581","1",10,"9.4","1.46",0.5915
"otu.583","3",23,"30.1","10.79",0.7143
"otu.584","3",32.2,"35","10.97",0.5497
"otu.585","2",28.8,"42.2","9.01",0.9694
"otu.586","3",55.6,"69.3","9.99",0.9314
"otu.587","2",52.4,"40.9","7.4",0.0768
"otu.589","2",27.8,"18.7","8.5",0.1216
"otu.591","3",7.7,"9.4","1.46",1
"otu.592","2",34.1,"27.9","8.15",0.1922
"otu.593","2",11.9,"16.8","7.91",0.6897
"otu.594","2",28.7,"21.6","9.26",0.188
"otu.595","3",13.5,"16.8","7.59",0.5843
"otu.596","2",65.9,"40.4","9.01",0.0102
"otu.597","2",11.1,"9.4","1.46",0.2803
"otu.598","3",15.4,"12.3","4.63",0.3205
"otu.599","3",36.9,"41.7","8.92",0.6521
"otu.600","1",57.6,"38.5","5.48",0.0034
"otu.601","2",20.6,"12.4","6.6",0.1288
"otu.602","3",13.5,"20.6","9.16",0.7886
"otu.603","3",7.6,"12.3","4.6",0.8858
"otu.604","2",38,"35.9","8.08",0.3417
"otu.605","3",7.7,"9.4","1.47",1
"otu.607","1",41.1,"34.7","9.55",0.2238
"otu.608","1",68.6,"54.1","10.74",0.0962
"otu.609","3",30.8,"15.1","7.41",0.0504
"otu.611","2",57.5,"40.1","11.18",0.0722
"otu.612","2",57.8,"29.7","10.14",0.0162
"otu.613","2",69.8,"34.8","6.61",2e-04
"otu.615","1",10,"9.4","1.47",0.5931
"otu.616","3",10.4,"16.2","7.86",0.7944
"otu.617","3",28,"23.2","8.18",0.229
"otu.618","1",40.9,"42.4","9.55",0.4999
"otu.619","1",61.7,"26.3","8.52",0.002
"otu.620","1",57.5,"42.5","7.11",0.0402
"otu.621","3",6.5,"11.5","5.06",0.8834
"otu.622","2",57.9,"37.7","8.99",0.0358
"otu.624","2",7.5,"12.5","6.81",0.7558
"otu.625","1",8.3,"16.1","7.47",0.8522
"otu.626","1",43.8,"28.6","10.3",0.084
"otu.627","2",11.1,"9.4","1.46",0.2783
"otu.630","3",15.4,"12.3","4.7",0.3317
"otu.631","2",32.5,"17.5","7.35",0.0458
"otu.632","1",25.1,"15.9","7.52",0.1312
"otu.633","3",10.8,"18.2","8.32",0.7473
"otu.634","3",30.8,"17.2","7.44",0.0722
"otu.635","3",37.7,"24.8","8.44",0.0776
"otu.636","2",26.7,"23","9.54",0.2847
"otu.638","2",22.4,"20.2","8.43",0.3101
"otu.639","2",36.5,"40.7","6.8",0.6925
"otu.640","2",44.3,"17.8","8.18",0.0082
"otu.641","2",20.2,"15.1","7",0.1962
"otu.645","2",36.1,"34.6","7.97",0.3577
"otu.646","2",66.8,"41.8","11.03",0.023
"otu.647","1",17.1,"25.1","10.58",0.7481
"otu.649","1",20,"12.2","4.66",0.1686
"otu.650","2",17.3,"22.1","9.53",0.6143
"otu.651","3",46.2,"17.5","7.96",0.0062
"otu.653","1",49,"43.4","6.63",0.1964
"otu.654","2",20.7,"13.1","6.47",0.1246
"otu.655","2",11.1,"9.4","1.46",0.2783
"otu.656","2",34.9,"25.5","8.1",0.1228
"otu.657","3",7.7,"9.4","1.47",1
"otu.658","1",48.3,"34.3","7.06",0.047
"otu.660","3",6.3,"11.5","5.08",1
"otu.662","1",54.4,"33.7","8.18",0.0226
"otu.663","2",21.5,"14.6","6.34",0.1694
"otu.665","2",8.2,"10.5","5.7",0.5245
"otu.666","2",11.1,"9.4","1.46",0.2783
"otu.667","3",35.5,"40.7","7.43",0.7363
"otu.668","2",14.9,"21.1","8.7",0.6917
"otu.669","3",35.8,"36.8","7.9",0.4787
"otu.670","2",16,"16.4","7.95",0.4359
"otu.671","3",14.2,"20.3","8.3",0.7728
"otu.672","3",38.2,"32.7","8.86",0.2378
"otu.674","2",19.5,"14.3","7.39",0.2058
"otu.675","3",15.4,"10.1","6.07",0.3279
"otu.676","2",54.2,"37.8","8.66",0.0512
"otu.677","3",5.9,"11.1","5.23",1
"otu.678","2",63,"30.6","10.17",0.005
"otu.679","1",8.8,"20.8","8.84",0.992
"otu.680","1",28.1,"27","9.15",0.3699
"otu.681","3",7.7,"9.4","1.46",1
"otu.683","2",22.2,"11.8","4.84",0.0714
"otu.685","2",17.2,"15.3","7.45",0.4231
"otu.687","1",36.8,"48.1","10.59",0.859
"otu.688","3",11.4,"14.5","7.54",0.6039
"otu.689","1",31.9,"32.3","7.99",0.4307
"otu.690","1",10,"9.4","1.47",0.5865
"otu.691","2",53.4,"26.5","9.52",0.0134
"otu.692","3",15.4,"12.3","4.55",0.3223
"otu.693","1",9.8,"12.3","4.68",0.7546
"otu.696","2",27.8,"27.4","10.26",0.4199
"otu.697","3",31.6,"28.3","10.59",0.3201
"otu.698","2",19.1,"31.4","10.53",0.9108
"otu.699","2",40.3,"38.1","4.55",0.2859
"otu.700","3",7.7,"9.4","1.46",1
"otu.701","2",38.6,"32.3","7.36",0.1794
"otu.702","2",23.7,"30.8","10.35",0.7103
"otu.703","2",10.1,"11.5","5.11",0.4311
"otu.704","2",27,"22.5","9.38",0.3319
"otu.706","1",10,"9.4","1.46",0.5877
"otu.707","1",18.7,"25.9","9.07",0.7778
"otu.708","2",20.7,"30.7","8.51",0.9328
"otu.709","3",7.7,"9.4","1.47",1
"otu.711","2",59.2,"32.6","10.43",0.0144
"otu.712","2",11.1,"9.4","1.46",0.2783
"otu.713","3",6.9,"11.8","4.91",1
"otu.714","2",40,"39.9","6.31",0.4295
"otu.715","3",13.1,"35.8","11.37",0.9842
"otu.716","2",9.6,"16.5","7.63",0.7692
"otu.717","3",6.1,"11.2","5.25",0.8834
"otu.718","2",13.8,"14.2","7.33",0.3513
"otu.719","1",37.4,"39.5","4.07",0.6567
"otu.721","2",9.8,"11.1","5.15",0.4273
"otu.722","2",59.9,"38","6.47",0.004
"otu.724","3",14.9,"23.6","9.03",0.824
"otu.725","2",20.3,"16.6","7.51",0.2695
"otu.727","1",20.2,"23.3","8.9",0.5567
"otu.728","3",22.2,"16.7","7.44",0.1972
"otu.729","2",49.2,"25.6","8.93",0.02
"otu.730","2",19.4,"27.3","10.97",0.7447
"otu.731","3",15.8,"20.1","8.86",0.6849
"otu.733","2",59.8,"38.4","7.34",0.0106
"otu.734","2",9.8,"11.5","5.15",0.5281
"otu.735","2",38.7,"28","10.52",0.158
"otu.737","2",11.1,"9.4","1.46",0.2783
"otu.738","2",27.4,"43.9","11",0.9486
"otu.739","1",14,"30.2","10.77",0.9686
"otu.740","2",42.3,"18.8","8.33",0.0192
"otu.741","3",31.1,"43.6","10.45",0.91
"otu.742","2",43.1,"17.4","8.1",0.0122
"otu.743","2",10.2,"14.2","6.39",0.5897
"otu.744","3",7.7,"9.4","1.47",1
"otu.745","1",10,"9.4","1.46",0.5877
"otu.746","1",45.4,"41.2","7.76",0.2795
"otu.747","3",32.8,"25.7","9.86",0.2096
"otu.750","3",60.2,"36","6.64",0.0036
"otu.751","1",19.5,"18.6","8.3",0.3491
"otu.752","2",15.3,"16.9","7.65",0.4363
"otu.753","3",13.8,"43.9","11.75",0.9972
"otu.755","3",18.3,"25.2","9.62",0.7624
"otu.756","3",7.7,"9.4","1.47",1
"otu.757","2",13.7,"13.8","6.95",0.3739
"otu.758","3",15.4,"11.6","5.21",0.3301
"otu.760","3",52,"66.5","7.77",0.9686
"otu.761","3",7.7,"9.4","1.47",1
"otu.762","2",46.4,"40.4","9.9",0.2595
"otu.763","3",7.7,"9.4","1.46",1
"otu.764","2",54.2,"36.8","7.83",0.0314
"otu.765","1",6.8,"10.2","5.69",0.7431
"otu.766","1",62.4,"41.5","8.14",0.014
"otu.767","3",15.4,"9.9","5.94",0.3223
"otu.770","2",61.4,"28.9","9.9",0.005
"otu.771","3",22.7,"20.7","8.39",0.2841
"otu.772","3",7.7,"9.4","1.46",1
"otu.773","2",11.1,"9.4","1.46",0.2815
"otu.775","3",50.1,"35.1","9.6",0.0822
"otu.777","1",9.6,"15.6","7.59",0.795
"otu.778","3",19,"19.2","8.22",0.5269
"otu.779","2",11.1,"12.3","4.57",0.5287
"otu.781","2",33.6,"32.5","9.71",0.3707
"otu.782","2",11.1,"9.4","1.46",0.2783
"otu.783","2",38,"41.7","10.81",0.5733
"otu.784","2",54.8,"51.2","10.21",0.3559
"otu.785","2",60.7,"41.4","6.46",0.0074
"otu.786","1",61.3,"40.8","9.64",0.0316
"otu.787","3",23.1,"12.5","6.76",0.0978
"otu.788","2",10.9,"15","6.2",0.6297
"otu.789","3",20.2,"22.5","9.2",0.5145
"otu.791","3",15.4,"9.9","5.97",0.3195
"otu.792","3",24,"17.4","7.81",0.1792
"otu.793","3",15,"31.3","11.18",0.9676
"otu.794","2",11.1,"9.4","1.46",0.2783
"otu.796","3",38.5,"16.6","7.96",0.0242
"otu.798","3",7.7,"9.4","1.47",1
"otu.799","2",37.7,"39.7","7.73",0.5437
"otu.800","3",46,"32.2","7.9",0.0628
"otu.801","3",25.5,"22.9","9.31",0.3385
"otu.802","2",34.2,"19.9","8.82",0.0784
"otu.805","3",7.7,"9.4","1.47",1
"otu.806","2",22.2,"12.3","4.61",0.0724
"otu.808","3",15.3,"14.2","7.28",0.4111
"otu.809","3",7.7,"9.4","1.46",1
"otu.812","2",17,"16.3","7.3",0.3977
"otu.816","2",23.9,"30.1","8.84",0.7291
"otu.817","3",49.2,"41.3","11.58",0.2527
"otu.818","2",11.1,"9.4","1.46",0.2827
"otu.820","3",12.6,"17.8","8.11",0.6845
"otu.822","1",47.9,"40","7.05",0.136
"otu.824","2",14.8,"19.9","8.8",0.6391
"otu.826","1",10,"9.4","1.46",0.5915
"otu.830","2",49.6,"27.7","10.84",0.0494
"otu.831","2",10,"16.9","7.34",0.7604
"otu.832","3",6.7,"16.9","7.3",0.9736
"otu.833","3",29.1,"29.8","10.19",0.4645
"otu.834","2",31.5,"20.1","8.39",0.0814
"otu.835","3",46.2,"19.3","8.56",0.0072
"otu.836","3",30.8,"13.9","6.88",0.035
"otu.838","3",11.1,"17.9","8.26",0.7742
"otu.839","1",10,"9.3","1.47",0.5749
"otu.840","3",7.7,"9.4","1.46",1
"otu.841","1",34.2,"33.7","7.38",0.3947
"otu.842","2",31.5,"22.4","8.94",0.1386
"otu.843","2",55,"37.4","7.35",0.0242
"otu.844","3",37,"22.2","9.53",0.0868
"otu.845","2",9.4,"11","5.47",0.4411
"otu.847","3",7.2,"12","4.76",0.8812
"otu.848","3",23.1,"13.2","6.78",0.102
"otu.849","2",11.1,"9.4","1.46",0.2803
"otu.851","3",60.1,"34.1","8.52",0.0098
"otu.852","2",47.5,"39.6","9.02",0.179
"otu.853","1",17.7,"19.1","8.44",0.5757
"otu.854","1",10,"9.4","1.46",0.5915
"otu.856","2",41.9,"39.4","5.29",0.2785
"otu.858","1",9,"16.7","7.39",0.843
"otu.860","2",41.9,"19.3","7.75",0.0176
"otu.861","2",11.1,"9.4","1.46",0.2803
"otu.863","3",31.1,"30.5","10.55",0.4041
"otu.866","2",17.7,"14.4","7.31",0.2523
"otu.869","2",22.2,"12.2","4.64",0.0728
"otu.870","3",46.2,"18.1","8.42",0.0072
"otu.871","3",23.1,"14.4","6.45",0.1004
"otu.873","3",15.4,"12.3","4.52",0.3159
"otu.875","2",67.6,"49.9","11.31",0.0622
"otu.876","1",24.6,"23.8","9.5",0.4281
"otu.879","2",78.5,"28.3","9.31",2e-04
"otu.880","2",70.5,"36.2","10.61",0.0056
"otu.881","2",11.1,"9.4","1.45",0.2767
"otu.882","2",14.9,"18.3","8.54",0.5587
"otu.883","3",14.3,"23.2","9.06",0.8656
"otu.884","1",14,"21.5","9.55",0.7578
"otu.885","3",15.4,"12.3","4.69",0.3239
"otu.887","2",22.5,"21","8.91",0.3485
"otu.888","2",60.6,"38.1","10.91",0.0322
"otu.890","1",29.9,"26.8","8.8",0.3019
"otu.891","3",26.5,"24.8","9.36",0.3685
"otu.894","3",15.4,"12.2","4.55",0.3141
"otu.898","1",55,"35.4","9.42",0.041
"otu.899","2",21.4,"45.7","11.83",0.9786
"otu.900","1",38.6,"20","8.99",0.0358
"otu.901","3",12.9,"16.8","7.69",0.6197
"otu.903","3",36,"32.4","7.36",0.2639
"otu.907","2",18.9,"33.3","11.1",0.8836
"otu.910","1",14.2,"18.4","8.55",0.6013
"otu.914","3",29,"29.9","10.77",0.4579
"otu.915","1",10,"9.4","1.45",0.6045
"otu.916","3",17.4,"32","10.62",0.9736
"otu.917","3",15,"15.3","7.76",0.4323
"otu.919","3",7.7,"9.4","1.47",1
"otu.920","3",15.4,"12.2","4.55",0.3145
"otu.921","3",30.8,"14.4","7.39",0.0576
"otu.922","2",22.1,"14.8","6.22",0.1216
"otu.923","3",7.7,"9.4","1.47",1
"otu.925","2",6.9,"16.2","7.74",0.888
"otu.927","2",38.6,"38.1","7.23",0.4119
"otu.928","3",15.1,"15.2","6.32",0.4577
"otu.929","1",31.5,"28.3","9.61",0.3055
"otu.931","1",10,"9.4","1.46",0.5877
"otu.933","3",55.1,"34.5","5.78",0.0028
"otu.934","3",32.3,"24.5","8.85",0.1738
"otu.935","3",22.3,"20.4","8.24",0.3241
"otu.936","3",40,"36.2","6.86",0.2498
"otu.937","2",49.3,"31.6","8.21",0.0392
"otu.939","2",22.2,"12.4","4.64",0.0752
"otu.940","1",16.8,"17.1","7.8",0.4163
"otu.941","2",35.8,"24.7","9.29",0.1226
"otu.942","2",24.4,"18.2","8.19",0.2158
"otu.943","1",29.8,"14.4","7.49",0.0636
"otu.944","2",38.8,"24","9.83",0.0816
"otu.945","2",53.9,"32.1","7.19",0.011
"otu.946","3",7.7,"9.4","1.46",1
"otu.947","1",59.6,"33.7","8.13",0.0062
"otu.948","2",22.2,"12.2","4.64",0.0726
"otu.951","3",20.8,"19.5","8.33",0.3891
"otu.953","2",38.8,"34.3","7.77",0.2456
"otu.954","3",33.5,"39.5","5.41",0.8784
"otu.955","2",45.4,"29.9","7.08",0.0362
"otu.956","2",7.9,"13.1","6.65",0.7367
"otu.957","2",38.9,"34.4","11.56",0.2829
"otu.958","1",30.8,"34.4","11.01",0.5669
"otu.960","2",15.6,"14.5","7.48",0.3281
"otu.962","2",43.6,"27.2","9.63",0.0668
"otu.963","1",10,"9.4","1.46",0.6037
"otu.965","2",36.7,"24.7","9.44",0.1168
"otu.968","2",37.6,"19.9","8.63",0.0422
"otu.969","2",58.2,"23.3","9.02",0.0034
"otu.970","2",24.3,"25.3","7.91",0.4611
"otu.971","2",31.7,"19.6","9.03",0.1
"otu.972","2",54.9,"39.6","8.38",0.0542
"otu.973","3",7.4,"15","6.26",1
"otu.974","3",22.7,"17.6","7.34",0.1828
"otu.975","3",27.3,"32.9","9.11",0.6955
"otu.976","3",37.3,"28.8","9.4",0.1756
"otu.977","2",27,"19.8","7.98",0.1614
"otu.978","3",27.8,"36","6.84",0.9298
"otu.979","3",12.1,"16.1","7.4",0.6799
"otu.980","1",30,"15.2","6.29",0.0434
"otu.982","3",13.9,"14.6","7.6",0.4581
"otu.984","1",15.6,"22.3","9.53",0.7399
"otu.985","2",10.6,"12","4.89",0.4509
"otu.986","3",7.7,"9.4","1.47",1
"otu.988","3",7.7,"9.4","1.46",1
"otu.990","3",40.6,"33.4","10.44",0.2218
"otu.991","2",5.3,"12","6.63",0.804
"otu.992","2",22.2,"11.7","4.93",0.0712
"otu.993","3",45.8,"22.1","9.47",0.0188
"otu.994","1",11,"25.3","9.13",0.9958
"otu.998","3",31.4,"20.8","8.86",0.123
"otu.999","3",17.5,"17.9","8.12",0.4809
"otu.1000","3",4.9,"12.9","6.66",1
"otu.1004","1",17.1,"13.9","6.49",0.3441
"otu.1005","3",23.1,"12.4","6.6",0.0998
"otu.1007","2",74.6,"29.5","9.01",4e-04
"otu.1008","2",10.3,"11.6","5.03",0.4341
"otu.1009","3",12.6,"16.9","7.38",0.6679
"otu.1010","3",32.5,"29.5","9.98",0.3101
"otu.1011","2",26.3,"24.5","8.24",0.3355
"otu.1012","2",40.3,"28.5","9.25",0.1172
"otu.1013","3",41.1,"20.2","8.09",0.0228
"otu.1014","2",15,"13.7","6.99",0.3357
"otu.1015","2",35.3,"35.6","9.44",0.4331
"otu.1016","2",26.8,"20.2","8.49",0.1914
"otu.1017","1",60.5,"32.8","7.71",0.0046
"otu.1018","2",27.5,"19.9","8.04",0.1576
"otu.1019","3",15.4,"17.6","7.96",0.4661
"otu.1020","3",20,"24.8","9.6",0.7025
"otu.1021","1",23,"25.2","10.07",0.4993
"otu.1023","3",7.7,"9.4","1.47",1
"otu.1024","1",25.8,"21.5","9.16",0.2519
"otu.1027","3",12.5,"14.3","7.25",0.5769
"otu.1030","3",16.3,"22.5","8.97",0.7453
"otu.1031","1",45.2,"30.2","8.07",0.0556
"otu.1032","3",8.4,"14.1","7.18",0.7918
"otu.1034","2",8.5,"10.6","5.92",0.4539
"otu.1035","2",22,"14.9","6.28",0.13
"otu.1036","1",14.6,"12.3","6.73",0.3169
"otu.1038","2",33,"34.6","9.43",0.4971
"otu.1039","2",34.2,"15.5","7.49",0.0252
"otu.1040","1",22.5,"30.7","10.63",0.7638
"otu.1041","3",7.4,"12.1","4.62",1
"otu.1043","3",14.2,"12.4","6.82",0.3663
"otu.1044","3",38.5,"16.2","7.68",0.0194
"otu.1045","2",11.1,"12.3","4.61",0.4427
"otu.1047","1",59.7,"28.3","9.66",0.0062
"otu.1048","2",47.9,"29.7","8.55",0.0406
"otu.1049","2",28.9,"34","10.07",0.6347
"otu.1051","2",37.2,"20.2","8.93",0.0614
"otu.1053","2",66,"24.8","10.02",0.0014
"otu.1054","1",42.1,"36.5","8.5",0.2156
"otu.1055","2",9.3,"13.3","6.53",0.5865
"otu.1056","2",36.5,"34","6.85",0.3005
"otu.1058","2",52.1,"33.7","8",0.029
"otu.1059","1",7.9,"15.6","7.49",0.864
"otu.1061","3",7.7,"9.4","1.47",1
"otu.1062","3",12.2,"24.6","9.73",0.9604
"otu.1066","3",27.5,"21.8","8.54",0.2104
"otu.1067","1",18.5,"19.6","8.25",0.5905
"otu.1068","2",14.3,"18","8.42",0.5765
"otu.1070","1",24,"37.9","11.14",0.9548
"otu.1071","3",22.8,"15.6","7.75",0.189
"otu.1072","2",14.6,"22","8.9",0.7592
"otu.1074","2",24.7,"17.7","8.07",0.1662
"otu.1075","1",25.6,"16","8.01",0.139
"otu.1076","2",37.2,"37.7","6.33",0.4637
"otu.1077","1",60.4,"32","7.7",0.0034
"otu.1079","2",46.3,"33.3","9.33",0.1006
"otu.1081","2",25.6,"22.7","8.61",0.3085
"otu.1082","3",37.5,"33.3","7.07",0.2362
"otu.1084","2",21.7,"21.4","9",0.3847
"otu.1085","3",30.8,"15.3","7.4",0.0394
"otu.1086","1",13.4,"17.9","8.22",0.6465
"otu.1087","2",18.6,"18.3","7.68",0.3829
"otu.1088","1",27,"17.8","8.3",0.1448
"otu.1090","2",53.6,"20.4","7.66",0.0028
"otu.1091","3",22,"14.1","7.13",0.1382
"otu.1092","2",34,"19.6","8.02",0.058
"otu.1093","2",43.4,"38.7","6.92",0.2262
"otu.1101","1",26.9,"28.7","9.89",0.4949
"otu.1105","3",19.5,"13.7","6.84",0.158
"otu.1111","2",27.2,"34.4","9.25",0.7684
"otu.1113","1",19.5,"25","9.09",0.6737
"otu.1116","3",7.7,"9.4","1.46",1
"otu.1118","1",6.4,"10.2","5.89",0.7548
"otu.1119","2",36.3,"19.1","8.11",0.0352
"otu.1123","2",64.1,"34.3","8.39",0.0042
"otu.1124","3",32.6,"24","9.12",0.1616
"otu.1125","3",15.4,"11.9","4.91",0.3239
"otu.1126","2",9,"10.5","5.57",0.4227
"otu.1127","1",41.6,"34.2","7.83",0.1676
"otu.1129","2",16.6,"14.8","7.46",0.3209
"otu.1130","3",15.4,"10.4","5.73",0.3223
"otu.1131","2",29,"26.1","10.12",0.3349
"otu.1132","2",17.9,"20.3","9.01",0.5399
"otu.1134","3",7.7,"9.4","1.47",1
"otu.1135","1",50.7,"35.1","9.24",0.0716
"otu.1136","2",11.1,"9.4","1.46",0.2783
"otu.1137","1",19.1,"13.5","6.41",0.2673
"otu.1138","3",22.5,"23.6","9.15",0.4651
"otu.1139","3",7.7,"9.4","1.46",1
"otu.1141","2",36.9,"24.9","9.82",0.1174
"otu.1144","1",13.1,"16.4","7.22",0.5709
"otu.1145","2",10.4,"22.8","9.1",0.8946
"otu.1146","2",16.1,"12.3","6.66",0.2583
"otu.1148","3",13.5,"18.2","8.53",0.6337
"otu.1149","3",14.7,"13.2","6.75",0.4441
"otu.1150","1",37.4,"25.9","9.69",0.1174
"otu.1151","2",33.2,"15.1","7.7",0.024
"otu.1152","3",30.8,"13.6","6.87",0.0404
"otu.1153","3",15.4,"9.9","5.97",0.3201
"otu.1154","2",31.2,"17","7.65",0.0638
"otu.1156","2",72.3,"25.6","9.83",4e-04
"otu.1157","2",21.4,"18.7","8.24",0.2951
"otu.1161","1",42.4,"32.2","11.47",0.185
"otu.1162","2",11.1,"9.4","1.46",0.2803
"otu.1163","1",29.7,"20.7","8.48",0.1916
"otu.1164","2",10.1,"16.7","7.56",0.7467
"otu.1165","3",14.1,"21.7","8.62",0.8258
"otu.1166","2",34.4,"41.6","7.78",0.8054
"otu.1167","3",23.2,"25.4","9.99",0.5827
"otu.1169","2",21.8,"19.1","7.4",0.2913
"otu.1170","2",18.6,"21.7","8.72",0.5631
"otu.1173","3",44.4,"30.3","7.4",0.0502
"otu.1174","2",10.9,"18","7.46",0.7313
"otu.1175","2",24.1,"17.1","7.72",0.1612
"otu.1176","1",33.9,"27.1","10.19",0.2454
"otu.1177","3",5.4,"10.7","5.59",0.877
"otu.1178","3",38,"18.1","8.23",0.0272
"otu.1179","2",36.2,"36","6.68",0.4187
"otu.1180","2",10.9,"14.9","6.14",0.6671
"otu.1183","3",20.3,"29.6","8.43",0.8972
"otu.1188","3",15.4,"10","5.92",0.3223
"otu.1189","3",17.9,"21.6","9.17",0.5769
"otu.1191","3",5.8,"13.6","6.55",0.9348
"otu.1192","3",7.7,"9.4","1.47",1
"otu.1194","3",30.4,"32.8","7.57",0.5563
"otu.1196","2",24.5,"26.6","8.89",0.5175
"otu.1197","3",33.2,"34","6.81",0.4803
"otu.1198","3",6.7,"11.6","4.85",1
"otu.1199","3",16.4,"18.1","8.2",0.4525
"otu.1200","2",26.6,"29.4","7.42",0.5811
"otu.1203","3",35.5,"37.9","5.72",0.6073
"otu.1205","1",16.6,"24.6","8.93",0.8292
"otu.1206","2",19.5,"13.8","6.54",0.2579
"otu.1207","2",41.9,"31","11.26",0.16
"otu.1208","2",23.4,"24.4","8.79",0.4533
"otu.1211","2",11.4,"17.1","8.1",0.7209
"otu.1215","1",56,"25.9","9.92",0.0126
"otu.1218","2",37.7,"23.8","9.6",0.0844
"otu.1219","2",18,"23.6","8.27",0.7195
"otu.1220","3",13,"15.9","7.56",0.6337
"otu.1222","1",9.4,"14.5","7.47",0.6775
"otu.1223","1",10,"9.4","1.46",0.5915
"otu.1226","3",46.2,"17","7.73",0.007
"otu.1229","3",15.4,"9.9","5.94",0.3223
"otu.1230","2",10.3,"11.6","4.93",0.4387
"otu.1232","3",7.7,"9.4","1.46",1
"otu.1234","3",15.4,"12.1","4.62",0.3119
"otu.1235","3",18,"24.4","8.14",0.778
"otu.1239","2",40.8,"26.5","8.87",0.0726
"otu.1240","2",50.6,"28.6","8.46",0.0194
"otu.1241","1",27.5,"33.1","8.56",0.7141
"otu.1244","2",37.6,"34.2","7.01",0.2633
"otu.1245","3",29.9,"22.4","8.77",0.1878
"otu.1249","2",10.8,"12.3","6.54",0.4719
"otu.1250","3",30.1,"32.9","9.15",0.5455
"otu.1252","3",13.7,"26.2","10.02",0.9284
"otu.1253","1",11.5,"14.5","7.46",0.5961
"otu.1256","2",11,"15.8","7.7",0.7293
"otu.1259","3",14.9,"14.6","6.25",0.4453
"otu.1261","2",38.9,"31.3","7.98",0.1644
"otu.1263","1",10,"9.4","1.47",0.5931
"otu.1264","1",23.8,"27.7","8.07",0.6289
"otu.1265","2",7.8,"10.1","5.97",0.4407
"otu.1266","3",22.1,"18.8","8.31",0.245
"otu.1267","2",18.3,"14.2","7.2",0.1928
"otu.1268","2",5.6,"10.2","6.02",0.7846
"otu.1269","2",40.7,"35.7","6.55",0.2028
"otu.1270","3",13.8,"14.4","6.3",0.5395
"otu.1271","3",15.4,"12.2","4.67",0.3293
"otu.1273","1",42,"34.5","7.06",0.1434
"otu.1274","1",37,"41.3","4.9",0.7944
"otu.1275","3",30.4,"19","8.54",0.104
"otu.1276","3",13.1,"22.1","9.05",0.8084
"otu.1277","3",23.1,"12.3","6.77",0.0956
"otu.1279","2",14,"17.2","7.9",0.5355
"otu.1280","2",36.9,"18","8.11",0.0342
"otu.1281","1",16.5,"20.4","8.8",0.6749
"otu.1282","3",7.7,"9.4","1.46",1
"otu.1285","2",31.8,"30.5","8.23",0.3595
"otu.1286","3",7.7,"9.4","1.46",1
"otu.1287","1",27.6,"29.6","7.52",0.5265
"otu.1288","1",10.9,"15.3","7.21",0.6991
"otu.1290","3",7.7,"9.4","1.46",1
"otu.1291","3",29.3,"24.8","9.88",0.2895
"otu.1292","2",42.3,"19.6","7.99",0.0162
"otu.1295","3",7.7,"9.4","1.47",1
"otu.1296","2",49.1,"30.7","8.61",0.0398
"otu.1300","2",55.6,"22.9","7.8",0.0018
"otu.1303","1",11.4,"16","7.79",0.7083
"otu.1305","3",35.8,"20.8","7.99",0.0578
"otu.1306","2",15.2,"14.3","7.22",0.4205
"otu.1307","2",15.5,"23","7.74",0.8568
"otu.1308","2",31.3,"14.4","7.31",0.0356
"otu.1309","3",43.8,"25.5","9.82",0.043
"otu.1311","2",12.7,"17.9","8.27",0.7107
"otu.1313","2",35.2,"37.5","8.19",0.5383
"otu.1314","2",17.1,"16.2","7.8",0.3337
"otu.1315","2",20.8,"25.7","8.87",0.6601
"otu.1316","2",26,"26.4","9.98",0.4287
"otu.1319","2",56.4,"31.9","6.98",0.0048
"otu.1323","1",8.8,"17.3","7.84",0.934
"otu.1325","3",7.7,"9.4","1.46",1
"otu.1328","3",46.2,"16.5","7.42",0.007
"otu.1330","2",33.6,"21.7","9.23",0.1174
"otu.1333","3",16.3,"23.4","9.25",0.7467
"otu.1338","2",32,"35.4","7.08",0.6315
"otu.1339","3",19.3,"22.3","9.09",0.5549
"otu.1343","1",10,"9.4","1.46",0.5927
"otu.1344","1",22.2,"19.7","8.81",0.3225
"otu.1345","3",23.1,"29.1","9.65",0.6945
"otu.1346","3",31,"37.8","8.31",0.779
"otu.1347","3",13.6,"14.2","6.45",0.5473
"otu.1348","1",5.4,"9.8","5.91",0.8662
"otu.1351","2",63.8,"27.8","8.68",0.002
"otu.1352","3",27.1,"20","8.7",0.1768
"otu.1354","3",19.2,"18.2","8.3",0.3955
"otu.1356","1",16.2,"27.3","10.23",0.8274
"otu.1357","3",7.7,"9.4","1.47",1
"otu.1358","2",11.1,"9.4","1.46",0.2783
"otu.1359","3",11.7,"15.7","7.44",0.6547
"otu.1361","2",20.4,"22.3","9",0.5551
"otu.1362","3",7.6,"12.3","4.64",1
"otu.1363","2",11.1,"9.4","1.45",0.2813
"otu.1364","1",13.1,"16.6","7.87",0.6557
"otu.1366","3",32.2,"30","10.26",0.3691
"otu.1368","3",38,"26.4","10.09",0.1312
"otu.1370","1",30,"13.7","6.55",0.0402
"otu.1373","2",28.8,"30.4","8.14",0.4981
"otu.1375","2",22.9,"18","7.47",0.2002
"otu.1376","2",11.1,"9.4","1.46",0.2783
"otu.1377","1",31,"30.2","8.26",0.3795
"otu.1378","3",9.7,"17.9","7.28",0.8898
"otu.1379","2",11,"12.4","4.71",0.4539
"otu.1380","3",19.5,"15.4","7.62",0.2535
"otu.1385","3",14.4,"15.7","7.35",0.5657
"otu.1386","3",6.6,"12.1","6.74",0.7578
"otu.1387","3",26.5,"32.4","10.8",0.6545
"otu.1388","2",22.7,"19.3","8.34",0.2989
"otu.1391","1",27.4,"29.8","8.72",0.5371
"otu.1392","3",30.7,"38.3","8.59",0.7996
"otu.1393","1",56.6,"29.5","10.63",0.0152
"otu.1394","1",35.6,"30.8","7.8",0.2304
"otu.1395","1",21.3,"32.3","8.13",0.975
"otu.1396","3",7.7,"9.4","1.47",1
"otu.1398","3",23.1,"12.4","6.53",0.0924
"otu.1399","2",23.2,"21.5","8.94",0.3647
"otu.1400","3",12.4,"14","6.47",0.5503
"otu.1401","2",11.1,"9.4","1.46",0.2783
"otu.1404","3",28.7,"20.4","8.55",0.168
"otu.1405","1",51.3,"30.7","8.48",0.0262
"otu.1406","2",15.3,"13.8","6.96",0.3625
"otu.1410","1",17.7,"21.7","9.11",0.7009
"otu.1412","3",15.4,"12.2","4.6",0.3155
"otu.1416","2",18.2,"14.7","7.45",0.2579
"otu.1417","2",35,"31.4","10.3",0.3067
"otu.1419","3",22.2,"16.9","7.4",0.1442
"otu.1421","3",20.4,"18.7","7.91",0.3727
"otu.1422","3",15.1,"17.8","7.39",0.5409
"otu.1423","3",10,"20.6","9.18",0.9512
"otu.1425","1",10,"9.3","1.47",0.5749
"otu.1426","2",19.4,"19.1","8.25",0.4065
"otu.1431","3",15.4,"12.1","4.71",0.3205
"otu.1435","3",15.2,"16.8","7.64",0.4865
"otu.1436","3",7.7,"12.3","4.6",0.882
"otu.1440","3",15.4,"11.8","5.01",0.3321
"otu.1446","3",15.4,"9.9","5.96",0.3155
"otu.1447","1",7.5,"10.4","5.79",0.6511
"otu.1450","2",42.8,"22.8","8.53",0.0344
"otu.1451","3",12.8,"13.1","6.58",0.4039
"otu.1452","1",30,"13.1","6.66",0.0462
"otu.1453","1",39.3,"15.8","7.57",0.014
"otu.1455","3",11.3,"19.1","8.16",0.8474
"otu.1461","2",50.3,"26.7","8.1",0.0152
"otu.1465","2",30.9,"16","7.67",0.0364
"otu.1466","2",10.7,"14.7","6.22",0.6523
"otu.1467","3",26.8,"32.3","7.18",0.7554
"otu.1468","2",46.1,"28.8","8.83",0.0504
"otu.1469","3",15.4,"12.3","4.61",0.3293
"otu.1472","2",22.2,"10.2","5.9",0.0722
"otu.1474","2",40.3,"31.7","6.75",0.1126
"otu.1476","1",10,"9.4","1.47",0.5931
"otu.1478","3",22.7,"14.2","7.4",0.1178
"otu.1480","3",7.7,"9.4","1.46",1
"otu.1483","2",33.3,"13.7","6.64",0.0174
"otu.1486","2",22.2,"11","5.29",0.0654
"otu.1488","3",30.3,"20.6","7.9",0.1174
"otu.1490","3",7.7,"9.4","1.46",1
"otu.1491","2",8.9,"13.1","6.58",0.5867
"otu.1494","2",17.9,"19.1","7.63",0.4489
"otu.1495","2",8.6,"19.4","8.43",0.963
"otu.1496","2",9.6,"11","5.28",0.4317
"otu.1497","2",39.8,"21.7","7.62",0.0296
"otu.1499","3",29.4,"32.7","11.24",0.5283
"otu.1500","1",15.3,"23.6","8.18",0.8728
"otu.1502","2",11.1,"9.4","1.46",0.2803
"otu.1503","1",10,"9.4","1.46",0.5977
"otu.1504","3",9.4,"17.2","8.33",0.7774
"otu.1507","2",39.5,"19.7","8.59",0.0282
"otu.1508","3",14.9,"17.3","8.22",0.5847
"otu.1509","2",18.5,"21.3","8.47",0.5637
"otu.1511","3",15.4,"10.6","5.61",0.3123
"otu.1512","2",16.3,"17.6","8.32",0.4667
"otu.1513","2",10.9,"18.1","7.48",0.839
"otu.1514","3",11.9,"18.5","8.39",0.6965
"otu.1515","1",16.1,"25.8","8.24",0.94
"otu.1516","1",9.1,"18.7","8.59",0.8948
"otu.1520","3",7.7,"9.4","1.47",1
"otu.1523","2",42.5,"25.8","8.19",0.0436
"otu.1524","2",8.4,"10.3","5.86",0.4393
"otu.1525","1",20,"12","4.82",0.1696
"otu.1526","1",24.6,"20.9","8.94",0.3241
"otu.1527","1",30,"13.2","6.57",0.0396
"otu.1528","1",26.2,"23.2","8.03",0.2863
"otu.1529","3",24.2,"26.4","9.47",0.5083
"otu.1530","3",29.4,"22.3","8.2",0.162
"otu.1532","2",36.2,"21.6","7.64",0.0542
"otu.1533","1",57.3,"23.2","9.54",0.0038
"otu.1536","1",45.8,"26.3","8.47",0.0324
"otu.1538","3",8.9,"16.3","7.78",0.8128
"otu.1541","2",41.6,"21.2","8.13",0.0238
"otu.1545","3",7.7,"9.4","1.46",1
"otu.1546","3",4.9,"10.4","5.79",0.8834
"otu.1549","3",7.7,"9.4","1.46",1
"otu.1550","2",46.6,"22.7","9.13",0.018
"otu.1552","3",7.7,"9.4","1.47",1
"otu.1553","3",7.7,"9.4","1.47",1
"otu.1554","2",13.9,"24.7","9.88",0.9326
"otu.1555","3",16,"26.2","9.91",0.8404
"otu.1556","2",22.9,"20.6","8.55",0.3245
"otu.1557","1",10,"9.4","1.46",0.5915
"otu.1558","3",7.7,"9.4","1.47",1
"otu.1559","2",11.1,"9.3","1.46",0.2747
"otu.1562","1",32.8,"41.7","10.32",0.7852
"otu.1563","1",7,"13","6.63",0.8816
"otu.1565","1",48,"32.1","8.04",0.05
"otu.1566","2",11.1,"9.4","1.46",0.2827
"otu.1567","2",23.5,"30.3","8.26",0.7842
"otu.1571","3",15.4,"11","5.35",0.3173
"otu.1572","3",7.7,"9.4","1.47",1
"otu.1574","1",7.4,"13.1","6.46",0.854
"otu.1575","3",7.7,"9.4","1.47",1
"otu.1576","1",28,"30","8.71",0.5061
"otu.1577","3",31.3,"22.7","8.5",0.145
"otu.1578","2",44.4,"32.9","10.37",0.1374
"otu.1581","1",26.2,"24","8.55",0.3221
"otu.1583","2",32.3,"22.3","8.37",0.1184
"otu.1586","1",8.5,"11.5","5.18",0.7568
"otu.1587","3",15.4,"12.2","4.61",0.3223
"otu.1589","1",56.6,"21.8","9.14",0.0026
"otu.1591","2",22.5,"15.2","7.11",0.157
"otu.1594","2",11.8,"17.4","7.9",0.7728
"otu.1595","2",7.6,"12.3","6.64",0.6903
"otu.1598","1",6.8,"16.9","8.09",0.9648
"otu.1599","2",11.1,"9.4","1.46",0.2803
"otu.1600","1",18.1,"25.1","7.67",0.8402
"otu.1601","1",29.2,"17.4","7.37",0.1068
"otu.1602","1",10,"9.4","1.46",0.5977
"otu.1603","2",12.1,"19.5","8.53",0.808
"otu.1604","2",53.3,"30.1","10.69",0.0306
"otu.1606","1",19.9,"14.6","6.34",0.2422
"otu.1607","3",15.4,"11.8","4.86",0.3195
"otu.1609","2",19.1,"16.8","7.93",0.3049
"otu.1611","2",10.6,"11.9","4.76",0.5207
"otu.1613","1",16.7,"25.7","8.15",0.9124
"otu.1614","2",50.4,"30.3","8.32",0.0278
"otu.1617","2",18.7,"16.5","7.97",0.3027
"otu.1618","1",26.7,"29.1","7.3",0.5571
"otu.1619","3",17.4,"19.1","8.75",0.4865
"otu.1620","2",21.3,"12.4","6.74",0.1488
"otu.1621","2",22.2,"10","5.94",0.0722
"otu.1623","2",11,"12.3","4.66",0.4499
"otu.1625","3",15.4,"11.1","5.44",0.3265
"otu.1626","3",28.7,"22.5","9.72",0.2144
"otu.1627","1",27.4,"27.2","8.39",0.3999
"otu.1628","3",9.5,"16.7","7.45",0.8854
"otu.1629","1",7.7,"13.4","6.54",0.832
"otu.1630","1",10,"9.4","1.46",0.5915
"otu.1631","3",15.4,"11.6","5.13",0.3239
"otu.1632","2",20.9,"27.2","9.63",0.7073
"otu.1633","2",31.3,"15.5","7.44",0.0314
"otu.1634","2",11.1,"9.4","1.46",0.2783
"otu.1635","3",36.6,"25.9","8.3",0.1118
"otu.1636","2",42.8,"23.4","8.11",0.0284
"otu.1637","3",7.5,"14.1","7.26",0.8074
"otu.1639","2",13.3,"13.6","6.71",0.3789
"otu.1640","3",20.5,"19.1","7.46",0.3387
"otu.1641","2",5.9,"13.5","6.61",0.8836
"otu.1642","1",10.2,"14.2","7.25",0.6697
"otu.1644","2",11.1,"9.4","1.46",0.2783
"otu.1645","2",4.9,"14.6","7.56",0.991
"otu.1646","2",22.2,"11","5.38",0.0708
"otu.1647","1",16.4,"21.9","7.86",0.7251
"otu.1648","3",14.9,"13.8","6.5",0.4037
"otu.1649","2",41.1,"17","7.59",0.0118
"otu.1651","3",14.2,"17","7.71",0.5489
"otu.1652","3",7.7,"9.4","1.46",1
"otu.1654","3",20.2,"20.6","8.59",0.4165
"otu.1655","1",24.1,"25.7","8.32",0.5011
"otu.1659","2",59.3,"28.9","10.7",0.0122
"otu.1660","1",20,"11.1","5.36",0.1686
"otu.1666","3",7.7,"9.4","1.47",1
"otu.1667","1",32,"28.6","9.59",0.3083
"otu.1668","2",40.9,"29.9","8.79",0.113
"otu.1669","3",7.7,"9.4","1.47",1
"otu.1674","2",18.5,"20.8","8.05",0.5201
"otu.1675","3",23.1,"12.9","6.67",0.0964
"otu.1677","3",15.4,"10.5","5.75",0.3263
"otu.1679","3",23.1,"12.1","6.66",0.1004
"otu.1680","3",23.1,"13.2","6.59",0.0964
"otu.1681","3",10.9,"17.8","7.55",0.8298
"otu.1682","1",37.5,"25.5","7.9",0.0804
"otu.1683","1",24.7,"28.3","9.84",0.5907
"otu.1685","2",23.4,"26.3","8.41",0.5595
"otu.1686","1",7.9,"13.4","6.61",0.8262
"otu.1688","2",24.7,"31.5","8.13",0.7936
"otu.1689","3",7.7,"9.4","1.47",1
"otu.1690","1",17.3,"20","8.22",0.5567
"otu.1694","3",20.3,"18.9","8.5",0.3487
"otu.1695","3",8.9,"12.4","6.78",0.5881
"otu.1696","3",6.5,"11.9","6.49",0.7556
"otu.1697","1",33.3,"22.5","8.9",0.1174
"otu.1699","2",42,"37.8","6.5",0.2356
"otu.1700","3",7.7,"9.4","1.46",1
"otu.1701","1",9.9,"12.2","4.53",0.6583
"otu.1702","2",11.1,"9.4","1.46",0.2783
"otu.1703","3",34.2,"34.9","8.16",0.4633
"otu.1704","1",10.1,"18.9","8.09",0.9204
"otu.1705","3",34,"26.1","9.05",0.1784
"otu.1706","3",7.7,"9.4","1.46",1
"otu.1707","3",7.7,"9.4","1.47",1
"otu.1710","1",16.1,"20.3","8.42",0.6375
"otu.1716","2",33.3,"13.2","6.58",0.018
"otu.1717","3",7.3,"14.9","6.29",0.9352
"otu.1718","3",69.7,"26","9.44",0.001
"otu.1720","2",11.1,"9.4","1.46",0.2783
"otu.1721","1",19.8,"15.1","6.26",0.2649
"otu.1724","1",19.9,"16.5","7.98",0.3119
"otu.1725","2",21.4,"14.7","6.31",0.2064
"otu.1726","2",23.6,"27.2","7.57",0.6239
"otu.1729","3",7.7,"9.4","1.47",1
"otu.1730","1",12.5,"15.5","7.4",0.6837
"otu.1731","2",30.3,"23","8.67",0.1802
"otu.1732","2",11.8,"19.3","7.67",0.871
"otu.1734","3",7.7,"9.4","1.47",1
"otu.1735","1",33.3,"18.9","8.59",0.075
"otu.1736","1",47.7,"33.4","9.06",0.0796
"otu.1737","1",30,"13.5","6.59",0.044
"otu.1738","1",11.7,"15.2","7.31",0.6469
"otu.1739","1",6.8,"12.5","6.84",0.881
"otu.1740","2",13.3,"19.2","7.51",0.8044
"otu.1741","2",9.9,"11.3","5.22",0.4357
"otu.1742","1",10,"9.4","1.46",0.5985
"otu.1748","1",16.8,"13.6","6.83",0.3265
"otu.1750","2",11.1,"9.4","1.46",0.2815
"otu.1754","2",38.2,"23.3","9.38",0.0788
"otu.1755","2",22.8,"20","8.2",0.2895
"otu.1757","1",14.7,"13.4","6.55",0.2863
"otu.1758","3",19.2,"15.8","7.47",0.2799
"otu.1759","3",7.7,"9.4","1.46",1
"otu.1761","3",11.6,"14","7.14",0.5835
"otu.1762","1",19.8,"21.4","8.42",0.4857
"otu.1763","2",15.1,"13.9","7.09",0.3675
"otu.1764","2",8.3,"15.1","7.46",0.755
"otu.1771","2",17,"15.6","7.45",0.3079
"otu.1772","2",25.1,"18.7","8.08",0.1762
"otu.1773","2",15.4,"23.6","9.42",0.7493
"otu.1774","2",8.3,"13.1","6.58",0.6979
"otu.1777","1",17.3,"24.4","9.03",0.7794
"otu.1781","3",7.7,"9.4","1.46",1
"otu.1782","2",27.4,"20.6","7.77",0.168
"otu.1783","1",10.8,"19.5","7.79",0.9282
"otu.1788","1",26.1,"27.8","8.04",0.5113
"otu.1789","2",11.1,"9.4","1.46",0.2827
"otu.1790","2",20.4,"19","7.42",0.3333
"otu.1791","2",11.1,"9.4","1.46",0.2783
"otu.1794","3",12.2,"12.3","6.6",0.3955
"otu.1796","3",10.3,"19.8","8.14",0.9456
"otu.1797","3",7.7,"9.4","1.47",1
"otu.1798","1",6.9,"12.5","6.5",0.8392
"otu.1799","2",11.1,"9.4","1.46",0.2783
"otu.1800","3",15.4,"10.4","5.7",0.3189
"otu.1801","1",18,"27.7","7.94",0.9514
"otu.1803","2",11.1,"9.4","1.46",0.2865
"otu.1804","2",10.2,"14.2","6.45",0.6101
"otu.1806","2",22.1,"20.6","7.71",0.3327
"otu.1807","2",55.6,"15.4","7.37",6e-04
"otu.1808","2",22.2,"12.1","4.73",0.0728
"otu.1810","3",4.7,"10.3","5.75",1
"otu.1811","3",7.7,"9.4","1.47",1
"otu.1812","3",27.1,"27.7","9.46",0.4333
"otu.1813","3",7.7,"9.4","1.46",1
"otu.1817","2",32,"25.1","9.85",0.177
"otu.1818","3",15.4,"11.8","4.9",0.3193
"otu.1819","2",9.9,"14.1","6.42",0.6695
"otu.1821","3",11.4,"21.5","9.05",0.9306
"otu.1822","1",13,"14.4","7.42",0.5039
"otu.1824","2",18,"21.8","7.79",0.6297
"otu.1825","2",16,"21.3","8.95",0.6753
"otu.1827","1",24.7,"25","8.38",0.4225
"otu.1828","3",6.3,"11.5","5.12",1
"otu.1829","3",7.7,"9.4","1.46",1
"otu.1830","3",7.7,"9.4","1.47",1
"otu.1832","2",17.6,"15.4","7.25",0.3101
"otu.1834","2",11.1,"9.4","1.46",0.2783
"otu.1835","1",10,"9.4","1.47",0.5931
"otu.1839","1",20,"12","4.75",0.1686
"otu.1841","2",25.3,"26.7","9.99",0.4947
"otu.1842","1",7.4,"12.7","6.63",0.7848
"otu.1845","3",25.1,"24.1","7.87",0.3599
"otu.1846","1",11.3,"18.9","8.23",0.8482
"otu.1847","2",14.1,"18.3","7.75",0.6345
"otu.1848","3",23.1,"12.5","6.81",0.101
"otu.1849","3",7.7,"9.4","1.47",1
"otu.1850","3",11.1,"17.3","7.92",0.7622
"otu.1851","1",28.6,"19.7","8.06",0.1338
"otu.1852","3",7.7,"9.4","1.46",1
"otu.1853","2",10.9,"12.1","4.63",0.4393
"otu.1854","1",10,"9.4","1.46",0.5915
"otu.1855","2",59.3,"27.1","8.27",0.0032
"otu.1860","3",7.7,"9.4","1.46",1
"otu.1861","1",14,"22.2","8.04",0.8826
"otu.1862","1",9.8,"12","4.63",0.6643
"otu.1863","3",23.1,"12.8","6.7",0.0968
"otu.1864","3",6.1,"11.2","5.25",0.8734
"otu.1865","1",32.5,"23.9","8.44",0.1488
"otu.1870","3",6.6,"15.4","7.23",0.9722
"otu.1871","1",10,"9.4","1.45",0.6045
"otu.1872","3",7.7,"9.4","1.46",1
"otu.1873","2",24.4,"22.7","7.69",0.3335
"otu.1874","2",22.2,"10.2","5.86",0.0736
"otu.1875","2",12.5,"12","6.72",0.4631
"otu.1876","3",14.2,"18.7","8.33",0.6473
"otu.1877","3",7.7,"9.4","1.47",1
"otu.1879","3",15.7,"18.6","8.09",0.5567
"otu.1880","1",30,"14.4","6.57",0.0466
"otu.1881","3",14.3,"13.9","6.52",0.4391
"otu.1882","2",55.7,"30.4","9.19",0.0146
"otu.1883","2",24.2,"16.2","7.74",0.1486
"otu.1888","3",6.6,"12","6.65",0.762
"otu.1889","2",11.1,"9.4","1.46",0.2783
"otu.1891","3",7.7,"9.4","1.46",1
"otu.1896","3",11,"15.7","7.55",0.7143
"otu.1898","2",33.7,"25.6","8.73",0.1658
"otu.1900","2",32.5,"22.1","8.21",0.1116
"otu.1901","1",9.8,"12.1","4.58",0.752
"otu.1902","1",34.7,"23.3","8.21",0.0962
"otu.1903","1",20,"10.1","6.02",0.1702
"otu.1904","2",5.8,"22.6","9.46",0.9984
"otu.1909","2",26.6,"21.5","7.52",0.2098
"otu.1910","1",18.5,"21.3","8.15",0.5463
"otu.1912","1",9.6,"11.9","4.79",0.6499
"otu.1913","1",22,"20.4","8.51",0.3453
"otu.1914","3",12.2,"13","6.52",0.5345
"otu.1915","1",30.3,"34.8","9.6",0.6291
"otu.1917","3",7.7,"9.4","1.47",1
"otu.1923","3",23.1,"14.2","6.43",0.0992
"otu.1924","1",18.6,"21","8.02",0.5369
"otu.1926","2",22.2,"10.1","5.83",0.0716
"otu.1927","3",23.1,"12.5","6.64",0.1002
"otu.1929","2",32.4,"22.9","8.57",0.1346
"otu.1930","2",15.3,"14.6","7.49",0.3607
"otu.1932","1",8.3,"13.4","6.58",0.7449
"otu.1935","2",12.9,"15.4","7.41",0.5225
"otu.1936","3",7.7,"9.4","1.47",1
"otu.1937","3",7.7,"9.4","1.46",1
"otu.1941","1",7.9,"10.7","5.58",0.6595
"otu.1942","3",15.4,"10.9","5.52",0.3255
"otu.1947","2",64.8,"28.1","9.56",0.0018
"otu.1948","2",21.1,"22.8","7.71",0.5073
"otu.1949","2",12.9,"24.2","9.45",0.9266
"otu.1950","2",6.8,"10","5.96",0.4389
"otu.1951","3",26.8,"22.6","8.34",0.2533
"otu.1953","3",14.8,"25","9.56",0.87
"otu.1954","2",29.6,"28.9","7.16",0.3779
"otu.1955","2",6.4,"19.5","8.41",0.9916
"otu.1959","3",17.9,"22.3","8.18",0.6495
"otu.1960","2",12.1,"14.8","7.41",0.5155
"otu.1961","2",26.1,"28.1","8.95",0.5121
"otu.1962","1",11.6,"18.9","8.41",0.7818
"otu.1964","3",7.3,"14.6","7.32",0.8678
"otu.1965","3",10.2,"12.8","6.67",0.5009
"otu.1966","3",30.5,"29.7","10.51",0.4279
"otu.1967","3",17.6,"21.6","8.44",0.6209
"otu.1968","3",15.4,"10.2","6.05",0.3301
"otu.1973","2",40.9,"20","8.58",0.0176
"otu.1974","3",35,"19.1","8.32",0.0558
"otu.1975","3",15.4,"16.9","7.58",0.4907
"otu.1977","2",15.8,"15","7.4",0.4345
"otu.1978","3",35.5,"17.1","7.61",0.0348
"otu.1979","3",7.7,"9.4","1.47",1
"otu.1981","3",18.1,"20.2","7.32",0.5313
"otu.1987","3",43.1,"27","8.37",0.051
"otu.1988","3",15.4,"11.4","5.07",0.3163
"otu.1989","2",23.4,"26.3","7.66",0.5805
"otu.1991","1",11.3,"20.4","8.82",0.9204
"otu.1992","1",30.2,"28.5","8.46",0.3497
"otu.1993","2",29.4,"23.1","9.52",0.204
"otu.1997","2",13.1,"20","8.18",0.8016
"otu.1998","1",37,"20.3","8.42",0.048
"otu.1999","2",43,"26.3","7.81",0.0392
"otu.2000","1",22.8,"20.5","8.97",0.3671
"otu.2001","1",17,"26.5","9.77",0.8412
"otu.2002","2",11.1,"9.4","1.45",0.2813
"otu.2003","1",30,"14.1","6.46",0.0402
"otu.2006","2",11.1,"9.4","1.45",0.2813
"otu.2010","3",18.2,"19.5","7.86",0.4601
"otu.2011","1",17,"16.6","7.47",0.5035
"otu.2018","3",21.7,"14.2","7.38",0.1354
"otu.2020","3",23.3,"23","8.7",0.4061
"otu.2021","2",11.1,"9.4","1.46",0.2783
"otu.2024","3",5.4,"10.8","5.57",0.8854
"otu.2025","3",20,"20.5","8.71",0.3833
"otu.2027","1",10.2,"18.6","8.1",0.882
"otu.2028","3",12,"16.4","7.26",0.6461
"otu.2032","1",26.8,"33.1","7.68",0.7854
"otu.2033","2",11.1,"9.4","1.45",0.2767
"otu.2034","3",35.7,"22.6","9.03",0.096
"otu.2035","2",10.9,"12.1","4.61",0.5265
"otu.2037","2",13.8,"20.4","8.46",0.7606
"otu.2038","1",10,"9.4","1.46",0.5977
"otu.2039","2",16.8,"23.2","8.75",0.7453
"otu.2040","1",18.1,"16.3","7.85",0.3359
"otu.2045","3",15.4,"10.1","6.01",0.3317
"otu.2049","3",17.9,"15.1","7",0.2775
"otu.2050","2",20.3,"12.5","6.58",0.1488
"otu.2051","3",7.7,"9.4","1.46",1
"otu.2053","2",30.5,"17.3","8.04",0.0692
"otu.2054","2",18,"12.6","6.55",0.2176
"otu.2055","1",17.1,"18.3","7.83",0.4721
"otu.2056","2",11.1,"9.4","1.46",0.2827
"otu.2057","3",5.6,"10.9","5.5",0.8874
"otu.2058","1",6.6,"12.5","6.54",0.8746
"otu.2059","1",7.6,"15.3","7.47",0.8476
"otu.2060","2",11.1,"9.4","1.46",0.2783
"otu.2061","3",15.4,"11.5","5",0.3137
"otu.2064","3",5.4,"10.8","5.46",1
"otu.2067","3",18.2,"17.4","8.03",0.3893
"otu.2068","2",15.2,"12.1","6.6",0.2547
"otu.2069","3",15.4,"11.5","5.06",0.3107
"otu.2074","1",7.6,"10.9","5.48",0.7451
"otu.2075","2",51.4,"49.9","9.31",0.4193
"otu.2076","1",20,"10","5.97",0.1626
"otu.2077","2",40,"23.1","8.75",0.0518
"otu.2079","3",30.8,"14.1","7.2",0.0366
"otu.2081","3",15.4,"10.5","5.81",0.3255
"otu.2085","3",7.7,"9.4","1.47",1
"otu.2087","1",10,"9.4","1.46",0.5977
"otu.2088","3",15.4,"12.3","4.68",0.3333
"otu.2091","2",31.1,"24","7.65",0.1564
"otu.2092","1",13.2,"16.3","7.79",0.6663
"otu.2093","2",12.9,"18.9","8.03",0.7277
"otu.2094","2",11.1,"9.4","1.46",0.2815
"otu.2095","3",30.8,"13.7","6.64",0.0294
"otu.2096","3",13.3,"12.9","6.51",0.4065
"otu.2097","2",21.8,"13.9","6.52",0.1554
"otu.2099","3",30.8,"14.9","7.55",0.0572
"otu.2100","3",16.1,"16.7","7.95",0.4613
"otu.2103","3",15.4,"11.9","4.79",0.3155
"otu.2104","2",14.6,"13.7","6.88",0.4169
"otu.2105","1",7.7,"13.4","6.51",0.8552
"otu.2106","1",20.8,"15.5","7.19",0.2332
"otu.2113","2",8.4,"10.3","5.88",0.4393
"otu.2114","1",27.5,"25.8","7.38",0.3321
"otu.2121","2",11.1,"9.4","1.46",0.2827
"otu.2123","3",9.6,"14.9","7.36",0.7175
"otu.2133","2",28.1,"18.9","7.19",0.0998
"otu.2134","2",5,"12.4","6.85",0.9616
"otu.2135","3",15,"18.1","7.78",0.5897
"otu.2138","2",33.3,"12.7","6.56",0.0172
"otu.2141","3",5.9,"11.2","5.3",1
"otu.2142","2",11.1,"9.4","1.46",0.2803
"otu.2148","2",19.2,"14.6","7.36",0.2454
"otu.2149","2",30.5,"26.4","7.8",0.2511
"otu.2150","1",42.2,"32.5","9.81",0.1546
"otu.2151","3",9.5,"11.6","6.47",0.6091
"otu.2159","1",19.3,"23.9","8.5",0.6533
"otu.2160","1",4.6,"10","5.91",1
"otu.2161","3",20.6,"13.7","6.97",0.1538
"otu.2162","3",7.7,"9.4","1.47",1
"otu.2165","3",17.9,"16.4","7.35",0.3347
"otu.2166","3",6.4,"14.1","7.21",0.8676
"otu.2167","2",22.2,"11.7","4.91",0.0712
"otu.2175","3",23.1,"14.7","6.52",0.1072
"otu.2177","2",22.5,"18.2","7.79",0.2198
"otu.2178","3",6,"11.3","5.24",1
"otu.2179","3",7.7,"9.4","1.46",1
"otu.2180","3",7.7,"9.4","1.47",1
"otu.2181","3",7.7,"9.4","1.46",1
"otu.2183","2",4.7,"10.3","5.97",0.8712
"otu.2184","3",7.7,"9.4","1.46",1
"otu.2185","2",12.4,"13.7","6.86",0.4953
"otu.2186","2",25,"22.6","7.55",0.2981
"otu.2187","2",29.5,"15.7","7.44",0.0422
"otu.2189","1",33.8,"19.6","8.6",0.0674
"otu.2190","3",15.4,"11.6","5",0.3163
"otu.2191","3",15.4,"10.9","5.52",0.3217
"otu.2196","2",47.8,"22.4","8.26",0.0132
"otu.2198","3",7.7,"9.4","1.46",1
"otu.2200","1",15.5,"18.2","8.28",0.5109
"otu.2201","2",9.7,"11.2","5.3",0.4351
"otu.2202","3",15.9,"18","8.25",0.4717
"otu.2203","3",7.7,"9.4","1.46",1
"otu.2204","2",4.9,"17.5","8.29",0.9922
"otu.2205","3",38.5,"15.4","7.24",0.019
"otu.2207","3",7.7,"9.4","1.46",1
"otu.2208","2",50.8,"26.4","7.83",0.0112
"otu.2209","2",8.2,"10.5","5.73",0.5327
"otu.2212","3",7.7,"9.4","1.46",1
"otu.2213","3",7.7,"9.4","1.46",1
"otu.2219","1",15.1,"21.1","9.02",0.7249
"otu.2220","1",40.9,"31.8","8.64",0.1342
"otu.2221","1",17.2,"26.4","8.62",0.8976
"otu.2222","2",16.7,"19.4","7.71",0.5515
"otu.2223","3",19.8,"16.4","7.84",0.243
"otu.2224","2",11.1,"9.4","1.46",0.2865
"otu.2225","3",9.7,"14.8","7.3",0.7325
"otu.2228","2",11.1,"9.4","1.46",0.2783
"otu.2229","3",7.7,"9.4","1.46",1
"otu.2230","1",10,"9.4","1.46",0.6037
"otu.2235","1",9.7,"12","4.67",0.7477
"otu.2236","2",22.8,"27.2","8.35",0.6435
"otu.2237","1",7.4,"12.9","6.65",0.7698
"otu.2238","2",10.8,"11.9","4.7",0.4243
"otu.2239","3",7.7,"9.4","1.47",1
"otu.2240","1",10,"9.4","1.47",0.5865
"otu.2241","3",7.7,"9.4","1.46",1
"otu.2242","3",14.5,"16.7","7.44",0.5561
"otu.2245","3",11.7,"12.9","6.57",0.4961
"otu.2246","3",15.4,"10.6","5.71",0.3255
"otu.2247","3",7.7,"9.4","1.47",1
"otu.2248","1",19.7,"17.9","8.37",0.3289
"otu.2249","2",42.3,"15.7","7.59",0.006
"otu.2250","2",47.5,"22.5","7.45",0.0068
"otu.2251","3",15.4,"10.4","5.79",0.3271
"otu.2252","2",27,"23.1","8.83",0.2677
"otu.2253","3",30.8,"15","7.63",0.0572
"otu.2259","2",13.3,"17.4","7.87",0.6119
"otu.2260","1",10,"9.4","1.46",0.5927
"otu.2262","3",6.5,"11.5","4.98",0.8858
"otu.2265","3",7.7,"9.4","1.47",1
"otu.2271","2",42.9,"15.6","7.63",0.0046
"otu.2272","2",14.5,"17.6","7.9",0.5653
"otu.2273","1",16.4,"12.6","6.56",0.3129
"otu.2275","2",11.1,"9.4","1.46",0.2783
"otu.2276","1",20,"11.7","4.81",0.152
"otu.2278","3",5.8,"11.1","5.33",1
"otu.2279","3",12.1,"16.1","7.38",0.6943
"otu.2282","3",6.5,"12.3","6.92",0.8004
"otu.2283","3",7.2,"11.8","4.64",1
"otu.2285","3",7.7,"9.4","1.47",1
"otu.2286","3",7.7,"9.4","1.46",1
"otu.2289","2",35.4,"18.3","8",0.0364
"otu.2290","3",7.7,"9.4","1.47",1
"otu.2291","2",18.1,"16.8","7.51",0.3303
"otu.2292","3",7.7,"9.4","1.47",1
"otu.2293","2",11.1,"9.4","1.46",0.2865
"otu.2295","3",7.7,"9.4","1.47",1
"otu.2301","2",10.5,"12","4.77",0.5369
"otu.2302","2",26.3,"27","8.97",0.4477
"otu.2303","2",18.4,"20","8.77",0.4625
"otu.2304","2",11.1,"9.4","1.46",0.2783
"otu.2305","1",6.7,"10.2","5.69",0.7481
"otu.2306","3",7.7,"9.4","1.46",1
"otu.2309","3",4.6,"10.3","5.84",1
"otu.2311","2",9.3,"10.7","5.39",0.4273
"otu.2312","3",9.1,"12.1","6.53",0.5989
"otu.2313","2",6.4,"15.8","7.6",0.9656
"otu.2315","3",9.4,"11.9","6.4",0.6247
"otu.2317","2",11.1,"9.4","1.46",0.2783
"otu.2321","2",26.2,"18","8.36",0.1406
"otu.2322","1",25.8,"20.4","7.61",0.2026
"otu.2323","2",6.1,"15.7","7.46",0.9678
"otu.2324","1",9.3,"11.9","4.78",0.7516
"otu.2325","3",7.7,"9.4","1.47",1
"otu.2329","3",7.7,"9.4","1.47",1
"otu.2332","1",12.5,"21.4","9.04",0.8536
"otu.2333","3",15.4,"10.5","5.78",0.3263
"otu.2334","2",22.2,"11.5","5.02",0.0732
"otu.2335","3",16.4,"21.7","8.5",0.7249
"otu.2336","2",29.1,"16.6","8",0.0616
"otu.2337","1",24,"15.8","7.59",0.1624
"otu.2338","3",11.2,"13.1","6.61",0.5643
"otu.2339","2",5.6,"10.1","5.99",0.8702
"otu.2342","2",5.7,"10","5.95",0.869
"otu.2348","3",7.7,"9.4","1.47",1
"otu.2349","2",21.3,"20.8","7.9",0.3783
"otu.2350","3",17.8,"13.7","6.76",0.1952
"otu.2351","2",10.7,"11.9","4.78",0.4339
"otu.2355","2",14.6,"19.2","8.3",0.6273
"otu.2356","3",15.4,"11.3","5.28",0.3231
"otu.2357","1",16.3,"21.6","9.06",0.6735
"otu.2358","2",10,"17","7.53",0.7846
"otu.2360","2",11.1,"9.3","1.46",0.2747
"otu.2366","2",11.1,"9.4","1.46",0.2827
"otu.2367","2",27.6,"20.1","8.29",0.1648
"otu.2369","2",13.7,"15.2","7.25",0.4755
"otu.2371","2",11.1,"9.4","1.46",0.2783
"otu.2376","2",8,"12.8","6.54",0.6603
"otu.2377","3",15.4,"11.1","5.39",0.3205
"otu.2378","1",10,"9.3","1.47",0.5749
"otu.2380","3",7.7,"9.4","1.46",1
"otu.2383","3",13.8,"13.7","6.51",0.4371
"otu.2386","2",11.1,"9.4","1.46",0.2815
"otu.2389","1",9.5,"14.6","6.21",0.8208
"otu.2391","2",7.7,"13.6","6.63",0.8156
"otu.2392","3",7.7,"9.4","1.46",1
"otu.2393","3",15.4,"11.5","5.08",0.3195
"otu.2395","2",11.1,"9.3","1.46",0.2747
"otu.2396","3",7.7,"9.4","1.47",1
"otu.2403","1",9.6,"12","4.75",0.6613
"otu.2404","3",30.8,"14.6","7.35",0.0534
"otu.2405","2",14.8,"17.9","8.39",0.5615
"otu.2406","2",41.8,"21.3","8.9",0.032
"otu.2407","3",9.5,"20.2","7.33",0.9996
"otu.2408","2",6.9,"9.9","5.91",0.4299
"otu.2409","2",30.8,"18.4","8.24",0.0536
"otu.2418","3",7.7,"9.4","1.47",1
"otu.2419","2",26,"23.7","9.05",0.3283
"otu.2420","1",5.8,"9.9","5.95",0.782
"otu.2422","3",15.4,"11.7","4.83",0.3137
"otu.2433","2",23,"21.5","7.63",0.3347
"otu.2434","2",22.2,"11.9","4.7",0.072
"otu.2435","3",27.7,"19.4","8.91",0.15
"otu.2436","2",5.8,"9.8","5.85",0.776
"otu.2437","2",11.1,"9.4","1.45",0.2813
"otu.2438","3",7.7,"9.4","1.46",1
"otu.2440","2",11.1,"9.4","1.46",0.2783
"otu.2445","3",7.7,"9.4","1.46",1
"otu.2446","3",14.6,"16.3","7.13",0.5417
"otu.2449","3",7.7,"9.4","1.46",1
"otu.2450","2",7.9,"10.1","5.92",0.4389
"otu.2455","2",22.2,"10.2","5.95",0.076
"otu.2458","1",7.4,"10.3","5.85",0.6659
"otu.2463","2",38.7,"23.2","8.87",0.0654
"otu.2464","1",21.7,"23.2","7.9",0.4975
"otu.2465","1",10,"9.4","1.46",0.5977
"otu.2467","2",11.1,"9.4","1.45",0.2813
"otu.2468","3",7.7,"9.4","1.47",1
"otu.2476","2",8.2,"12.7","6.64",0.6211
"otu.2477","2",9.2,"14.4","7.22",0.7047
"otu.2481","3",7.7,"9.4","1.46",1
"otu.2483","3",7.7,"9.4","1.47",1
"otu.2484","1",24.3,"24.2","7.96",0.4059
"otu.2486","1",27.3,"23.1","8.68",0.2597
"otu.2487","2",18.4,"17.1","8.08",0.3533
"otu.2488","2",22.2,"10","5.95",0.0728
"otu.2489","2",21.8,"14.6","6.4",0.1414
"otu.2493","3",24.5,"23.4","8.17",0.3589
"otu.2494","2",43.7,"16.9","8.1",0.0034
"otu.2495","2",37.9,"16.7","7.37",0.0124
"otu.2496","3",10.1,"18.3","8.22",0.858
"otu.2497","3",7.7,"9.4","1.47",1
"otu.2500","3",28.6,"21.8","7.86",0.1696
"otu.2503","2",15.3,"14.3","7.21",0.4055
"otu.2504","3",17,"13.6","6.67",0.2222
"otu.2505","1",27.2,"27.1","7.5",0.4185
"otu.2506","1",7.9,"13.1","6.52",0.7425
"otu.2507","2",30.1,"16.3","7.75",0.053
"otu.2508","3",24.8,"15.9","7.53",0.1346
"otu.2510","1",12.2,"16.9","7.68",0.6639
"otu.2511","2",22.2,"10","6",0.076
"otu.2514","1",34.5,"16.5","7.42",0.0318
"otu.2515","1",7.2,"10.3","5.98",0.6699
"otu.2518","2",4.6,"10.2","5.86",1
"otu.2519","1",14.8,"19.9","8.06",0.7087
"otu.2522","3",9,"12","6.53",0.6785
"otu.2523","3",6.3,"11.3","5.2",0.8846
"otu.2528","2",27.8,"22.7","8.5",0.2308
"otu.2531","1",6.7,"10.2","5.73",0.752
"otu.2533","1",23,"23.8","8.53",0.4543
"otu.2535","3",11.8,"14.3","7.29",0.6075
"otu.2538","3",8.7,"14","7.04",0.7928
"otu.2539","2",13,"14.4","7.47",0.4437
"otu.2540","3",7.7,"9.4","1.46",1
"otu.2543","3",18.2,"18.5","7.92",0.4347
"otu.2544","2",50.7,"22.2","7.99",0.008
"otu.2545","1",14.6,"17.4","7.12",0.6083
"otu.2546","2",13.2,"17","7.65",0.6003
"otu.2547","3",10.5,"12.3","6.61",0.5663
"otu.2548","2",16.7,"19.7","7.79",0.5837
"otu.2549","1",8.3,"12.5","6.54",0.6285
"otu.2554","3",7.7,"9.4","1.46",1
"otu.2555","3",15.4,"10.9","5.56",0.3239
"otu.2557","3",12.2,"15.4","7.24",0.5833
"otu.2558","3",15.4,"10","6",0.3239
"otu.2559","2",10.1,"11.5","5.12",0.4441
"otu.2564","3",15.4,"10.7","5.75",0.3301
"otu.2569","2",22.2,"10.7","5.46",0.072
"otu.2570","2",29.3,"17.1","7.77",0.075
"otu.2571","3",8.8,"15.8","7.51",0.8378
"otu.2573","3",15.4,"9.9","5.96",0.3155
"otu.2574","1",6,"13.2","6.56",0.9214
"otu.2576","1",10.7,"15.6","7.33",0.7429
"otu.2577","2",6.5,"16.2","7.78",0.9704
"otu.2579","3",15.1,"16.8","7.46",0.4579
"otu.2580","2",11.1,"9.4","1.45",0.2767
"otu.2582","3",12.9,"15.5","7.25",0.5363
"otu.2584","2",11.9,"15.2","7.26",0.6623
"otu.2585","2",17.4,"20","7.36",0.5771
"otu.2586","2",17.5,"15.5","7.28",0.3249
